Workbook

Sheet Raw_Transactions
A1: transaction_id | B1: transaction_date | C1: merchant_name | D1: raw_amount | E1: currency | F1: status | G1: risk_score | H1: gateway_region | I1: user_id | J1: payment_method
A2: T001 | B2: 2026-03-01 | C2: alpha mart | D2: 420000 | E2: INR | F2: captured | G2: score:62 | H2: APAC | I2: U001 | J2: UPI
A3: T002 | B3: 2026-03-01 | C3: ALPHA MART | D3: 210000 | E3: INR | F3: Captured | G3: 55 | I3: U002 | J3: Card
A4: T003 | B4: 2026-03-01 | C4: BETA STORES | D4: 510000 | E4: INR | F4: CAPTURED | G4: 71 | H4: APAC | I4: U003 | J4: NetBanking
A5: T004 | B5: 2026-03-02 | C5: Beta Stores | D5: 160000 | E5: INR | F5: failed e05 timeout | G5: 68 | H5: apac | I5: U004 | J5: Card
A6: T005 | B6: 2026-03-02 | C6: Alpha Mart | D6: 390000 | E6: INR | F6: CAPTURED | G6: 58 | I6: U001 | J6: UPI
A7: T006 | B7: 2026-03-02 | C7: Beta Stores | D7: 275000 | E7: INR | F7: Captured | G7: score:64 | I7: U005 | J7: Wallet
A8: T007 | B8: 2026-03-02 | C8: Alpha Mart | D8: 450000 | E8: INR | F8: chargeback | G8: risk-83 | H8: APAC | I8: U006 | J8: Card
A9: T008 | B9: 2026-03-03 | C9: BETA STORES | D9: 340000 | E9: INR | F9: Captured | G9: 59 | I9: U007 | J9: UPI
A10: T009 | B10: 2026-03-03 | C10: Alpha Mart | D10: 125000 | E10: INR | F10: captured | G10: 46 | H10: APAC | I10: U002 | J10: Wallet
A11: T010 | B11: 2026-03-03 | C11: Beta Stores | D11: 610000 | E11: INR | F11: captured | G11: risk-77 | I11: U003 | J11: Card
A12: T011 | B12: 2026-03-03 | C12: Alpha Mart | D12: 195000 | E12: INR | F12: FAILED e05 TIMEOUT | I12: U008 | J12: UPI
A13: T012 | B13: 2026-03-04 | C13: Beta Stores | D13: 250000 | E13: INR | F13: captured | G13: risk-61 | H13: APAC | I13: U009 | J13: Card
A14: T013 | B14: 2026-03-04 | C14: alpha mart | D14: 310000 | E14: INR | F14: captured | G14: score:54 | H14: APAC | I14: U010 | J14: UPI
A15: T014 | B15: 2026-03-04 | C15: Beta Stores | D15: 470000 | E15: INR | F15: captured | G15: risk-73 | H15: APAC | I15: U001 | J15: NetBanking
A16: T015 | B16: 2026-03-04 | C16: Alpha Mart | D16: 130000 | E16: INR | F16: captured | G16: score:52 | I16: U002 | J16: Card
A17: T016 | B17: 2026-03-05 | C17: Beta Stores | D17: 220000 | E17: INR | F17: failed E05 timeout | G17: risk-69 | I17: U008 | J17: Card
A18: T017 | B18: 2026-03-05 | C18: Beta Stores | D18: 180000 | E18: INR | F18: Failed E05 Timeout | G18: score:72 | H18: apac | I18: U008 | J18: Card
A19: T018 | B19: 2026-03-05 | C19: BETA STORES | D19: 145000 | E19: INR | F19: chargeback | G19: risk-86 | H19: APAC | I19: U008 | J19: UPI
A20: T019 | B20: 2026-03-05 | C20: Alpha Mart | D20: 260000 | E20: INR | F20: Failed E05 Timeout | G20: score:67 | H20: apac | I20: U008 | J20: Wallet
A21: T020 | B21: 2026-03-05 | C21: Alpha Mart | D21: 520000 | E21: INR | F21: Captured | G21: 75 | H21: APAC | I21: U005 | J21: UPI
A22: T021 | B22: 2026-03-06 | C22: beta stores | D22: 330000 | E22: INR | F22: captured | G22: score:63 | I22: U006 | J22: Card
A23: T022 | B23: 2026-03-06 | C23: ALPHA MART | D23: 410000 | E23: INR | F23: captured | G23: 60 | H23: APAC | I23: U007 | J23: UPI
A24: T023 | B24: 2026-03-01 | C24: City Pharma | D24: 5200 | E24: EUR | F24: Captured | G24: 42 | H24: EU | I24: U003 | J24: Card
A25: T024 | B25: 2026-03-02 | C25: Eco Home | D25: 6100 | E25: EUR | F25: chargeback | G25: score:65 | H25: EU | I25: U004 | J25: Card
A26: T025 | B26: 2026-03-03 | C26: City Pharma | D26: 2800 | E26: EUR | F26: captured | G26: 38 | H26: eu | I26: U005 | J26: Wallet
A27: T026 | B27: 2026-03-05 | C27: Eco Home | D27: 3300 | E27: EUR | F27: Failed E05 Timeout | G27: 44 | H27: EU | I27: U006 | J27: NetBanking
A28: T027 | B28: 2026-03-01 | C28: DELTA TRAVELS | D28: 7200 | E28: USD | F28: captured | G28: 49 | H28: us | I28: U007 | J28: Card
A29: T028 | B29: 2026-03-02 | C29: Delta Travels | D29: 3100 | E29: USD | F29: CAPTURED | G29: risk-41 | H29: US | I29: U008 | J29: Card
A30: T029 | B30: 2026-03-04 | C30: delta travels | D30: 2500 | E30: USD | F30: chargeback | G30: score:58 | H30: US | I30: U009 | J30: Wallet
A31: T030 | B31: 2026-03-06 | C31: DELTA TRAVELS | D31: 1800 | E31: USD | F31: Failed E05 Timeout | G31: score:47 | H31: US | I31: U010 | J31: UPI

Sheet Exchange_Rates
A1: rate_date | B1: currency | C1: usd_rate
A2: 2026-03-01 | B2: INR | C2: 0.0119
A3: 2026-03-01 | B3: EUR | C3: 1.08
A4: 2026-03-01 | B4: USD | C4: 1
A5: 2026-03-02 | B5: INR | C5: 0.012
A6: 2026-03-02 | B6: EUR | C6: 1.09
A7: 2026-03-02 | B7: USD | C7: 1
A8: 2026-03-03 | B8: INR | C8: 0.0121
A9: 2026-03-03 | B9: EUR | C9: 1.08
A10: 2026-03-03 | B10: USD | C10: 1
A11: 2026-03-04 | B11: INR | C11: 0.012
A12: 2026-03-04 | B12: EUR | C12: 1.07
A13: 2026-03-04 | B13: USD | C13: 1
... A19: 2026-03-06 | B19: USD | C19: 1

Sheet Merchant_Master
A1: merchant_id | B1: merchant_name | C1: account_manager | D1: merchant_category | E1: default_region
A2: M001 | B2: Alpha Mart | C2: Aisha Khan | D2: Grocery | E2: APAC
A3: M002 | B3: Beta Stores | C3: Rohan Mehta | D3: Electronics | E3: APAC
A4: M003 | B4: City Pharma | C4: Elena Rossi | D4: Healthcare | E4: EU
A5: M004 | B5: Delta Travels | C5: Marcus Lee | D5: Travel | E5: US
A6: M005 | B6: Eco Home | C6: Nina Weber | D6: Home | E6: EU

Sheet Cleaned_Transactions
A1: transaction_id | B1: transaction_date | C1: merchant_id | D1: merchant_name | E1: merchant_category | F1: account_manager | G1: raw_amount | H1: currency | I1: amount_usd | J1: gateway_region | K1: status | L1: risk_score | M1: user_id | N1: payment_method | O1: high_value_flag | P1: high_risk_flag
A2: T001 | B2: 2026-03-01 | C2: M001 | D2: Alpha Mart | E2: Grocery | F2: Aisha Khan | G2: 420000 | H2: INR | I2: 4998 | J2: APAC | K2: captured | L2: 62 | M2: U001 | N2: UPI | O2: =IF(OR(AND(J2="APAC",I2>5000),AND(J2="EU",I2>6000),AND(J2="US",I2>7000)),1,0) -> 0 | P2: =IF(OR(L2>=70,K2="chargeback"),1,0) -> 0
A3: T002 | B3: 2026-03-01 | C3: M001 | D3: Alpha Mart | E3: Grocery | F3: Aisha Khan | G3: 210000 | H3: INR | I3: 2499 | J3: APAC | K3: captured | L3: 55 | M3: U002 | N3: Card | O3: =IF(OR(AND(J3="APAC",I3>5000),AND(J3="EU",I3>6000),AND(J3="US",I3>7000)),1,0) -> 0 | P3: =IF(OR(L3>=70,K3="chargeback"),1,0) -> 0
A4: T003 | B4: 2026-03-01 | C4: M002 | D4: Beta Stores | E4: Electronics | F4: Rohan Mehta | G4: 510000 | H4: INR | I4: 6069 | J4: APAC | K4: captured | L4: 71 | M4: U003 | N4: NetBanking | O4: =IF(OR(AND(J4="APAC",I4>5000),AND(J4="EU",I4>6000),AND(J4="US",I4>7000)),1,0) -> 1 | P4: =IF(OR(L4>=70,K4="chargeback"),1,0) -> 1
A5: T004 | B5: 2026-03-02 | C5: M002 | D5: Beta Stores | E5: Electronics | F5: Rohan Mehta | G5: 160000 | H5: INR | I5: 1920 | J5: APAC | K5: failed | L5: 68 | M5: U004 | N5: Card | O5: =IF(OR(AND(J5="APAC",I5>5000),AND(J5="EU",I5>6000),AND(J5="US",I5>7000)),1,0) -> 0 | P5: =IF(OR(L5>=70,K5="chargeback"),1,0) -> 0
A6: T005 | B6: 2026-03-02 | C6: M001 | D6: Alpha Mart | E6: Grocery | F6: Aisha Khan | G6: 390000 | H6: INR | I6: 4680 | J6: APAC | K6: captured | L6: 58 | M6: U001 | N6: UPI | O6: =IF(OR(AND(J6="APAC",I6>5000),AND(J6="EU",I6>6000),AND(J6="US",I6>7000)),1,0) -> 0 | P6: =IF(OR(L6>=70,K6="chargeback"),1,0) -> 0
A7: T006 | B7: 2026-03-02 | C7: M002 | D7: Beta Stores | E7: Electronics | F7: Rohan Mehta | G7: 275000 | H7: INR | I7: 3300 | J7: APAC | K7: captured | L7: 64 | M7: U005 | N7: Wallet | O7: =IF(OR(AND(J7="APAC",I7>5000),AND(J7="EU",I7>6000),AND(J7="US",I7>7000)),1,0) -> 0 | P7: =IF(OR(L7>=70,K7="chargeback"),1,0) -> 0
A8: T007 | B8: 2026-03-02 | C8: M001 | D8: Alpha Mart | E8: Grocery | F8: Aisha Khan | G8: 450000 | H8: INR | I8: 5400 | J8: APAC | K8: chargeback | L8: 83 | M8: U006 | N8: Card | O8: =IF(OR(AND(J8="APAC",I8>5000),AND(J8="EU",I8>6000),AND(J8="US",I8>7000)),1,0) -> 1 | P8: =IF(OR(L8>=70,K8="chargeback"),1,0) -> 1
A9: T008 | B9: 2026-03-03 | C9: M002 | D9: Beta Stores | E9: Electronics | F9: Rohan Mehta | G9: 340000 | H9: INR | I9: 4114 | J9: APAC | K9: captured | L9: 59 | M9: U007 | N9: UPI | O9: =IF(OR(AND(J9="APAC",I9>5000),AND(J9="EU",I9>6000),AND(J9="US",I9>7000)),1,0) -> 0 | P9: =IF(OR(L9>=70,K9="chargeback"),1,0) -> 0
A10: T009 | B10: 2026-03-03 | C10: M001 | D10: Alpha Mart | E10: Grocery | F10: Aisha Khan | G10: 125000 | H10: INR | I10: 1512.5 | J10: APAC | K10: captured | L10: 46 | M10: U002 | N10: Wallet | O10: =IF(OR(AND(J10="APAC",I10>5000),AND(J10="EU",I10>6000),AND(J10="US",I10>7000)),1,0) -> 0 | P10: =IF(OR(L10>=70,K10="chargeback"),1,0) -> 0
A11: T010 | B11: 2026-03-03 | C11: M002 | D11: Beta Stores | E11: Electronics | F11: Rohan Mehta | G11: 610000 | H11: INR | I11: 7381 | J11: APAC | K11: captured | L11: 77 | M11: U003 | N11: Card | O11: =IF(OR(AND(J11="APAC",I11>5000),AND(J11="EU",I11>6000),AND(J11="US",I11>7000)),1,0) -> 1 | P11: =IF(OR(L11>=70,K11="chargeback"),1,0) -> 1
A12: T011 | B12: 2026-03-03 | C12: M001 | D12: Alpha Mart | E12: Grocery | F12: Aisha Khan | G12: 195000 | H12: INR | I12: 2359.5 | J12: APAC | K12: failed | L12: 61 | M12: U008 | N12: UPI | O12: =IF(OR(AND(J12="APAC",I12>5000),AND(J12="EU",I12>6000),AND(J12="US",I12>7000)),1,0) -> 0 | P12: =IF(OR(L12>=70,K12="chargeback"),1,0) -> 0
A13: T012 | B13: 2026-03-04 | C13: M002 | D13: Beta Stores | E13: Electronics | F13: Rohan Mehta | G13: 250000 | H13: INR | I13: 3000 | J13: APAC | K13: captured | L13: 61 | M13: U009 | N13: Card | O13: =IF(OR(AND(J13="APAC",I13>5000),AND(J13="EU",I13>6000),AND(J13="US",I13>7000)),1,0) -> 0 | P13: =IF(OR(L13>=70,K13="chargeback"),1,0) -> 0
... A31: T030 | B31: 2026-03-06 | C31: M004 | D31: Delta Travels | E31: Travel | F31: Marcus Lee | G31: 1800 | H31: USD | I31: 1800 | J31: US | K31: failed | L31: 47 | M31: U010 | N31: UPI | O31: =IF(OR(AND(J31="APAC",I31>5000),AND(J31="EU",I31>6000),AND(J31="US",I31>7000)),1,0) -> 0 | P31: =IF(OR(L31>=70,K31="chargeback"),1,0) -> 0

Sheet Merchant_Risk_Summary
A1: merchant_name | B1: merchant_id | C1: total_transactions | D1: captured_gmv_usd | E1: chargeback_count | F1: failed_count | G1: avg_risk_score | H1: high_risk_count | I1: high_value_count | J1: chargeback_ratio_pct
A2: Alpha Mart | B2: M001 | C2: =COUNTIF(Cleaned_Transactions!D2:D31,A2) -> 11 | D2: =SUMPRODUCT((Cleaned_Transactions!D2:D31=A2)*(Cleaned_Transactions!K2:K31="captured")*(Cleaned_Transactions!I2:I31)) -> 29984.5 | E2: =COUNTIFS(Cleaned_Transactions!D2:D31,A2,Cleaned_Transactions!K2:K31,"chargeback") -> 1 | F2: =COUNTIFS(Cleaned_Transactions!D2:D31,A2,Cleaned_Transactions!K2:K31,"failed") -> 2 | G2: =AVERAGEIF(Cleaned_Transactions!D2:D31,A2,Cleaned_Transactions!L2:L31) -> 61.181818 | H2: =SUMPRODUCT((Cleaned_Transactions!D2:D31=A2)*(Cleaned_Transactions!P2:P31)) -> 2 | I2: =SUMPRODUCT((Cleaned_Transactions!D2:D31=A2)*(Cleaned_Transactions!O2:O31)) -> 2 | J2: =IFERROR(E2/C2*100,0) -> 9.0909091
A3: Beta Stores | B3: M002 | C3: =COUNTIF(Cleaned_Transactions!D2:D31,A3) -> 11 | D3: =SUMPRODUCT((Cleaned_Transactions!D2:D31=A3)*(Cleaned_Transactions!K2:K31="captured")*(Cleaned_Transactions!I2:I31)) -> 33431 | E3: =COUNTIFS(Cleaned_Transactions!D2:D31,A3,Cleaned_Transactions!K2:K31,"chargeback") -> 1 | F3: =COUNTIFS(Cleaned_Transactions!D2:D31,A3,Cleaned_Transactions!K2:K31,"failed") -> 3 | G3: =AVERAGEIF(Cleaned_Transactions!D2:D31,A3,Cleaned_Transactions!L2:L31) -> 69.363636 | H3: =SUMPRODUCT((Cleaned_Transactions!D2:D31=A3)*(Cleaned_Transactions!P2:P31)) -> 5 | I3: =SUMPRODUCT((Cleaned_Transactions!D2:D31=A3)*(Cleaned_Transactions!O2:O31)) -> 3 | J3: =IFERROR(E3/C3*100,0) -> 9.0909091
A4: City Pharma | B4: M003 | C4: =COUNTIF(Cleaned_Transactions!D2:D31,A4) -> 2 | D4: =SUMPRODUCT((Cleaned_Transactions!D2:D31=A4)*(Cleaned_Transactions!K2:K31="captured")*(Cleaned_Transactions!I2:I31)) -> 8640 | E4: =COUNTIFS(Cleaned_Transactions!D2:D31,A4,Cleaned_Transactions!K2:K31,"chargeback") -> 0 | F4: =COUNTIFS(Cleaned_Transactions!D2:D31,A4,Cleaned_Transactions!K2:K31,"failed") -> 0 | G4: =AVERAGEIF(Cleaned_Transactions!D2:D31,A4,Cleaned_Transactions!L2:L31) -> 40 | H4: =SUMPRODUCT((Cleaned_Transactions!D2:D31=A4)*(Cleaned_Transactions!P2:P31)) -> 0 | I4: =SUMPRODUCT((Cleaned_Transactions!D2:D31=A4)*(Cleaned_Transactions!O2:O31)) -> 0 | J4: =IFERROR(E4/C4*100,0) -> 0
A5: Delta Travels | B5: M004 | C5: =COUNTIF(Cleaned_Transactions!D2:D31,A5) -> 4 | D5: =SUMPRODUCT((Cleaned_Transactions!D2:D31=A5)*(Cleaned_Transactions!K2:K31="captured")*(Cleaned_Transactions!I2:I31)) -> 10300 | E5: =COUNTIFS(Cleaned_Transactions!D2:D31,A5,Cleaned_Transactions!K2:K31,"chargeback") -> 1 | F5: =COUNTIFS(Cleaned_Transactions!D2:D31,A5,Cleaned_Transactions!K2:K31,"failed") -> 1 | G5: =AVERAGEIF(Cleaned_Transactions!D2:D31,A5,Cleaned_Transactions!L2:L31) -> 48.75 | H5: =SUMPRODUCT((Cleaned_Transactions!D2:D31=A5)*(Cleaned_Transactions!P2:P31)) -> 1 | I5: =SUMPRODUCT((Cleaned_Transactions!D2:D31=A5)*(Cleaned_Transactions!O2:O31)) -> 1 | J5: =IFERROR(E5/C5*100,0) -> 25
A6: Eco Home | B6: M005 | C6: =COUNTIF(Cleaned_Transactions!D2:D31,A6) -> 2 | D6: =SUMPRODUCT((Cleaned_Transactions!D2:D31=A6)*(Cleaned_Transactions!K2:K31="captured")*(Cleaned_Transactions!I2:I31)) -> 0 | E6: =COUNTIFS(Cleaned_Transactions!D2:D31,A6,Cleaned_Transactions!K2:K31,"chargeback") -> 1 | F6: =COUNTIFS(Cleaned_Transactions!D2:D31,A6,Cleaned_Transactions!K2:K31,"failed") -> 1 | G6: =AVERAGEIF(Cleaned_Transactions!D2:D31,A6,Cleaned_Transactions!L2:L31) -> 54.5 | H6: =SUMPRODUCT((Cleaned_Transactions!D2:D31=A6)*(Cleaned_Transactions!P2:P31)) -> 1 | I6: =SUMPRODUCT((Cleaned_Transactions!D2:D31=A6)*(Cleaned_Transactions!O2:O31)) -> 1 | J6: =IFERROR(E6/C6*100,0) -> 50

Sheet Summary_KPIs
A1: QuickPay – Spreadsheet Summary KPIs
A3: KPI | B3: Value | C3: Notes
A4: Total Raw Rows | B4: 30 | C4: Original transactions_raw.csv
A5: Total Cleaned Rows | B5: 30 | C5: No rows dropped, all handled
A6: Missing Risk Scores Fixed | B6: 1 | C6: T011 – filled with median (61.0)
A7: Missing Regions Filled | B7: 9 | C7: 9 rows had blank / invalid region – filled from Merchant Master
A8: High Value Transactions | B8: 7 | C8: APAC>5000 | EU>6000 | US>7000 USD
A9: High Risk Transactions | B9: 9 | C9: risk_score ≥ 70 OR status = chargeback
A10: Top Region by GMV | B10: APAC | C10: $63,415.50 captured GMV
A11: Top Merchant (Captured GMV) | B11: Beta Stores | C11: $33,431.00 captured GMV
A12: Total Captured GMV (USD) | B12: 82355.5 | C12: Across Alpha Mart, Beta Stores, City Pharma, Delta Travels
